<?xml version="1.0" encoding="UTF-8"?>
<project-private xmlns="http://www.netbeans.org/ns/project-private/1">
    <editor-bookmarks xmlns="http://www.netbeans.org/ns/editor-bookmarks/2" lastBookmarkId="0"/>
    <open-files xmlns="http://www.netbeans.org/ns/projectui-open-files/2">
        <group>
            <file>file:/C:/Users/Alberto/Documents/NetBeansProjects/PA2_HECTOR_SORIANO_201810060177_PROYECTO_CINE/src/java/Model/Mailer.java</file>
            <file>file:/C:/Users/Alberto/Documents/NetBeansProjects/PA2_HECTOR_SORIANO_201810060177_PROYECTO_CINE/web/ComprarTicket.jsp</file>
        </group>
    </open-files>
</project-private>
